{
  "cash": 52631.110443282436,
  "holdings": {
    "SOL/USDT": {
      "quantity": 51.20101137800253,
      "entry_price": 142.38,
      "total_cost": 7290.0,
      "current_value": 7290.000000000001,
      "highest_price": 142.38
    },
    "BNB/USDT": {
      "quantity": 42.382634414136874,
      "entry_price": 946.825143810502,
      "total_cost": 40128.94392423308,
      "current_value": 40127.87826330479,
      "highest_price": 946.825143810502
    }
  },
  "realized_pnl": 50.054367515505874,
  "max_balance": 100048.98870658723
}