{
  "cash": 79205.70233312761,
  "holdings": {
    "BTC/USDT": {
      "quantity": 0.10580821209510637,
      "entry_price": 92417.04,
      "total_cost": 9778.481769521928,
      "current_value": 9778.481769521928,
      "highest_price": 92599.32
    },
    "BNB/USDT": {
      "quantity": 9.465591387544753,
      "entry_price": 929.75,
      "total_cost": 8800.633592569735,
      "current_value": 8800.633592569735,
      "highest_price": 929.75
    }
  },
  "realized_pnl": -2215.182304780743,
  "max_balance": 100056.66885829392
}